,dictionary_id,sett_bmuID,common_name,longitude,latitude,ngc_bmu_id,fuel
0,10000,E_MARK-1,Rothes Bio-Plant CHP,-3.603516,57.480403,MARK-1,BIOMASS
1,10000,E_MARK-2,Rothes Bio-Plant CHP,-3.603516,57.480403,MARK-2,BIOMASS
2,10001,T_DIDC1,Didcot,-1.26757,51.62363,,
3,10001,T_DIDC2,Didcot,-1.26757,51.62363,,
4,10001,T_DIDC4,Didcot,-1.26757,51.62363,,
5,10001,T_DIDC3,Didcot,-1.26757,51.62363,,
6,10001,T_DIDC1G,Didcot,-1.26757,51.62363,,
7,10001,T_DIDC2G,Didcot,-1.26757,51.62363,,
8,10001,T_DIDC3G,Didcot,-1.26757,51.62363,,
9,10001,T_DIDC4G,Didcot,-1.26757,51.62363,,
10,10001,E_DIDC1G,Didcot,-1.26757,51.62363,,
11,10001,E_DIDC2G,Didcot,-1.26757,51.62363,,
12,10001,E_DIDC3G,Didcot,-1.26757,51.62363,,
13,10001,E_DIDC4G,Didcot,-1.26757,51.62363,,
14,10001,T_DIDCB5,Didcot,-1.26757,51.62363,DIDCB5,CCGT
15,10001,T_DIDCB6,Didcot,-1.26757,51.62363,DIDCB6,CCGT
16,10002,T_ABTH7,Aberthaw B,-3.404866,51.387312,ABTH7,COAL
17,10002,T_ABTH8,Aberthaw B,-3.404866,51.387312,ABTH8,COAL
18,10002,T_ABTH9,Aberthaw B,-3.404866,51.387312,ABTH9,COAL
19,10002,T_ABTH7G,Aberthaw B,-3.404866,51.387312,ABTH7G,OCGT
20,10002,T_ABTH8G,Aberthaw B,-3.404866,51.387312,ABTH8G,OCGT
21,10002,T_ABTH9G,Aberthaw B,-3.404866,51.387312,ABTH9G,OCGT
22,10003,T_COTPS-1,Cottam,-0.648193,53.245495,COTPS-1,COAL
23,10003,T_COTPS-2,Cottam,-0.648193,53.245495,COTPS-2,COAL
24,10003,T_COTPS-3,Cottam,-0.648193,53.245495,COTPS-3,COAL
25,10003,T_COTPS-4,Cottam,-0.648193,53.245495,COTPS-4,COAL
26,10004,T_DRAXX-1,Drax,-0.996631,53.736634,DRAXX-1,BIOMASS
27,10004,T_DRAXX-2,Drax,-0.996631,53.736634,DRAXX-2,BIOMASS
28,10004,T_DRAXX-3,Drax,-0.996631,53.736634,DRAXX-3,BIOMASS
29,10004,T_DRAXX-4,Drax,-0.996631,53.736634,DRAXX-4,BIOMASS
30,10004,T_DRAXX-5,Drax,-0.996631,53.736634,DRAXX-5,COAL
31,10004,T_DRAXX-6,Drax,-0.996631,53.736634,DRAXX-6,COAL
32,10004,T_DRAXX-10G,Drax,-0.996631,53.736634,DRAXX-10G,OCGT
33,10004,T_DRAXX-12G,Drax,-0.996631,53.736634,DRAXX-12G,OCGT
34,10004,T_DRAXX-9G,Drax,-0.996631,53.736634,DRAXX-9G,OCGT
35,10005,T_EGGPS-1,Eggborough,-0.834961,53.709714,EGGPS-1,COAL
36,10005,T_EGGPS-2,Eggborough,-0.834961,53.709714,EGGPS-2,COAL
37,10005,T_EGGPS-3,Eggborough,-0.834961,53.709714,EGGPS-3,COAL
38,10005,T_EGGPS-4,Eggborough,-0.834961,53.709714,EGGPS-4,COAL
39,10006,T_FERR-3,Ferrybridge C,-1.032715,53.735716,FERR-3,COAL
40,10006,T_FERR-4,Ferrybridge C,-1.032715,53.735716,FERR-4,COAL
41,10006,T_FERR-1,Ferrybridge C,-1.032715,53.735716,FERR-1,COAL
42,10006,T_FERR-2,Ferrybridge C,-1.032715,53.735716,FERR-2,COAL
43,10006,T_FERR-5G,Ferrybridge C,-1.032715,53.735716,FERR-5G,OCGT
44,10006,T_FERR-8G,Ferrybridge C,-1.032715,53.735716,FERR-8G,OCGT
45,10007,T_FIDL-1,Fiddlers Ferry,-2.823486,53.350551,FIDL-1,COAL
46,10007,T_FIDL-2,Fiddlers Ferry,-2.823486,53.350551,FIDL-2,COAL
47,10007,T_FIDL-3,Fiddlers Ferry,-2.823486,53.350551,FIDL-3,COAL
48,10007,T_FIDL-4,Fiddlers Ferry,-2.823486,53.350551,FIDL-4,COAL
49,10007,T_FIDL-2G,Fiddlers Ferry,-2.823486,53.350551,FIDL-2G,OCGT
50,10007,T_FIDL-3G,Fiddlers Ferry,-2.823486,53.350551,FIDL-3G,OCGT
51,10009,T_LOAN-1,Longannet,-3.438721,56.0475,LOAN-1,COAL
52,10009,T_LOAN-2,Longannet,-3.438721,56.0475,LOAN-2,COAL
53,10009,T_LOAN-3,Longannet,-3.438721,56.0475,LOAN-3,COAL
54,10009,T_LOAN-4,Longannet,-3.438721,56.0475,LOAN-4,COAL
55,10010,E_LYNE1,Lynemouth Generator,-1.52083,55.20417,,BIOMASS
56,10010,E_LYNE2,Lynemouth Generator,-1.52083,55.20417,,BIOMASS
57,10010,E_LYNE3,Lynemouth Generator,-1.52083,55.20417,,BIOMASS
58,10011,T_RATS-1,Ratcliffe on Soar,-1.219482,52.855864,RATS-1,COAL
59,10011,T_RATS-2,Ratcliffe on Soar,-1.219482,52.855864,RATS-2,COAL
60,10011,T_RATS-3,Ratcliffe on Soar,-1.219482,52.855864,RATS-3,COAL
61,10011,T_RATS-4,Ratcliffe on Soar,-1.219482,52.855864,RATS-4,COAL
62,10011,T_RATSGT-2,Ratcliffe on Soar,-1.219482,52.855864,RATSGT-2,OCGT
63,10011,T_RATSGT-4,Ratcliffe on Soar,-1.219482,52.855864,RATSGT-4,OCGT
64,10012,T_RUGPS-6,Rugeley B,-1.94458,52.729639,RUGPS-6,COAL
65,10012,T_RUGPS-7,Rugeley B,-1.94458,52.729639,RUGPS-7,COAL
66,10012,T_RUGGT-6,Rugeley B,-1.94458,52.729639,RUGGT-6,OCGT
67,10012,T_RUGGT-7,Rugeley B,-1.94458,52.729639,RUGGT-7,OCGT
68,10013,T_USKM-13,Uskmouth,-3.043213,51.611195,USKM-13,BIOMASS
69,10013,T_USKM-14,Uskmouth,-3.043213,51.611195,USKM-14,BIOMASS
70,10013,T_USKM-15,Uskmouth,-3.043213,51.611195,USKM-15,BIOMASS
71,10014,T_WBUPS-1,West Burton,-0.53833,53.363665,WBUPS-1,COAL
72,10014,T_WBUPS-2,West Burton,-0.53833,53.363665,WBUPS-2,COAL
73,10014,T_WBUPS-3,West Burton,-0.53833,53.363665,WBUPS-3,COAL
74,10014,T_WBUPS-4,West Burton,-0.53833,53.363665,WBUPS-4,COAL
75,10014,T_WBUGT-1,West Burton,-0.53833,53.363665,WBUGT-1,OCGT
76,10014,T_WBUGT-4,West Burton,-0.53833,53.363665,WBUGT-4,OCGT
77,10014,T_WBURB-1,West Burton,-0.53833,53.363665,WBURB-1,CCGT
78,10014,T_WBURB-2,West Burton,-0.53833,53.363665,WBURB-2,CCGT
79,10014,T_WBURB-3,West Burton,-0.53833,53.363665,WBURB-3,CCGT
80,10015,T_COCK-1,Cockenzie,-2.968404,55.968502,COCK-1,COAL
81,10015,T_COCK-2,Cockenzie,-2.968404,55.968502,COCK-2,COAL
82,10015,T_COCK-3,Cockenzie,-2.968404,55.968502,COCK-3,COAL
83,10015,T_COCK-4,Cockenzie,-2.968404,55.968502,COCK-4,COAL
84,10018,T_IRNPS-1,Ironbridge B,-2.504883,52.603048,IRNPS-1,COAL
85,10018,T_IRNPS-2,Ironbridge B,-2.504883,52.603048,IRNPS-2,COAL
86,10019,T_KINO-1,Kingsnorth,0.602702,51.418947,KINO-1,COAL
87,10019,T_KINO-2,Kingsnorth,0.602702,51.418947,KINO-2,COAL
88,10019,T_KINO-3,Kingsnorth,0.602702,51.418947,KINO-3,COAL
89,10019,T_KINO-4,Kingsnorth,0.602702,51.418947,KINO-4,COAL
90,10019,T_KINO1G,Kingsnorth,0.602702,51.418947,,
91,10019,T_KINO4G,Kingsnorth,0.602702,51.418947,,
92,10020,T_TILB10,Tilbury B,0.391677,51.454926,,
93,10020,T_TILB-7,Tilbury B,0.391677,51.454926,TILB-7,COAL
94,10020,T_TILB-8,Tilbury B,0.391677,51.454926,TILB-8,COAL
95,10020,T_TILB-9,Tilbury B,0.391677,51.454926,TILB-9,COAL
96,10020,T_TILB0G,Tilbury B,0.391677,51.454926,TILB0G,OCGT
97,10020,T_TILB7G,Tilbury B,0.391677,51.454926,TILB7G,OCGT
98,10020,T_TILB8G,Tilbury B,0.391677,51.454926,TILB8G,OCGT
99,10020,T_TILB9G,Tilbury B,0.391677,51.454926,TILB9G,OCGT
100,10021,T_BAGE-1,Baglan Bay,-5.031738,51.720223,BAGE-1,CCGT
101,10021,T_BAGE-2,Baglan Bay,-5.031738,51.720223,BAGE-2,CCGT
102,10022,T_BARK-1,Barking 2 MGT,0.153809,51.556582,BARK-1,CCGT
103,10022,T_BARKB2,Barking 2 MGT,0.153809,51.556582,BARKB2,CCGT
104,10024,E_BRYP-1,Barry,-3.339844,51.37178,BRYP-1,OCGT
105,10024,E_AESB-1,Barry,-3.339844,51.37178,,
106,10026,E_BRGG-1,Brigg,-0.32959,53.442264,BRGG-1,CCGT
107,10027,T_CARR-1,Carrington,-2.504883,53.455349,CARR-1,CCGT
108,10027,T_CARR-2,Carrington,-2.504883,53.455349,CARR-2,CCGT
109,10028,2__MPGEN002,Castleford CCGT,-1.343039,53.73191,,
110,10029,T_CNQPS-1,Connahs Quay,-3.080651,53.231871,CNQPS-1,CCGT
111,10029,T_CNQPS-2,Connahs Quay,-3.080651,53.231871,CNQPS-2,CCGT
112,10029,T_CNQPS-3,Connahs Quay,-3.080651,53.231871,CNQPS-3,CCGT
113,10029,T_CNQPS-4,Connahs Quay,-3.080651,53.231871,CNQPS-4,CCGT
114,10030,E_CORB-1,Corby,-0.86792,52.247983,CORB-1,CCGT
115,10031,T_COSO-1,Coryton,0.834961,51.542919,COSO-1,CCGT
116,10032,T_CDCL-1,Cottam Development Centre Limited,-0.86792,53.219191,CDCL-1,CCGT
117,10033,T_DAMC-1,Damhead Creek,0.549316,51.460852,DAMC-1,CCGT
118,10034,T_DEEP-1,Deeside,-3.208008,53.140181,DEEP-1,CCGT
119,10036,T_EECL-1,Enfield Energy,-0.022763,51.662337,EECL-1,CCGT
120,10037,T_FIFE-1,Fife CCGT,-3.3061,56.1689,FIFE-1,CCGT
121,10038,E_GYAR-1,Great Yarmouth,1.625977,52.596375,GYAR-1,CCGT
122,10039,T_KEAD-1,Keadby,-0.494385,53.585984,KEAD-1,CCGT
123,10039,T_KEADGT-3,Keadby,-0.494385,53.585984,KEADGT-3,OCGT
124,10040,T_KILNS-1,Killingholme,-0.25511,53.65952,KILNS-1,CCGT
125,10040,T_KILLPG-1,Killingholme,-0.25511,53.65952,KILLPG-1,CCGT
126,10040,T_KILLPG-2,Killingholme,-0.25511,53.65952,KILLPG-2,CCGT
127,10042,E_KLYN-A-1,Kings Lynn,0.380117,52.727256,KLYN-A-1,CCGT
128,10043,T_LAGA-1,Langage,-3.966064,50.492463,LAGA-1,CCGT
129,10044,T_LBAR-1,Little Barford,-0.230713,52.22107,LBAR-1,CCGT
130,10044,T_LBAR-1G,Little Barford,-0.230713,52.22107,LBAR-1G,OCGT
131,10045,T_MRWD-1,Marchwood,-1.437197,50.89876,MRWD-1,CCGT
132,10046,T_MEDP-1,Medway,0.889893,51.378638,MEDP-1,CCGT
133,10047,T_PEMB-11,Pembroke Power Station -,-4.996378,51.684368,PEMB-11,CCGT
134,10047,T_PEMB-21,Pembroke Power Station -,-4.996378,51.684368,PEMB-21,CCGT
135,10047,T_PEMB-31,Pembroke Power Station -,-4.996378,51.684368,PEMB-31,CCGT
136,10047,T_PEMB-41,Pembroke Power Station -,-4.996378,51.684368,PEMB-41,CCGT
137,10047,T_PEMB-51,Pembroke Power Station -,-4.996378,51.684368,PEMB-51,CCGT
138,10048,E_PETEM1,Peterborough,-0.204697,52.57694,PETEM1,CCGT
139,10049,T_ROCK-1,Rocksavage,-2.592773,53.330873,ROCK-1,CCGT
140,10050,E_ROOS-1,Roosecote,-3.153076,54.156001,ROOS-1,COAL
141,10051,T_RYHPS-1,Rye House,-0.285645,51.815407,RYHPS-1,CCGT
142,10052,T_SCCL-1,Saltend South,-0.131836,53.833081,SCCL-1,CCGT
143,10052,T_SCCL-2,Saltend South,-0.131836,53.833081,SCCL-2,CCGT
144,10052,T_SCCL-3,Saltend South,-0.131836,53.833081,SCCL-3,CCGT
145,10053,T_SEAB-1,Seabank,-2.614746,51.481383,SEAB-1,CCGT
146,10053,T_SEAB-2,Seabank,-2.614746,51.481383,SEAB-2,CCGT
147,10054,T_SVRP-10,Severn Power,-2.973376,51.549234,SVRP-10,CCGT
148,10054,T_SVRP-20,Severn Power,-2.973376,51.549234,SVRP-20,CCGT
149,10055,E_SHOS-1,Shoreham,-0.252686,50.882243,SHOS-1,CCGT
150,10056,T_SHBA-1,South Humber Bank,-0.131836,53.618579,SHBA-1,CCGT
151,10056,T_SHBA-2,South Humber Bank,-0.131836,53.618579,SHBA-2,CCGT
152,10057,T_SPLN-1,Spalding,-0.252686,52.816043,SPLN-1,CCGT
153,10058,T_STAY-1,Staythorpe,-0.98877,53.041213,STAY-1,CCGT
154,10058,T_STAY-2,Staythorpe,-0.98877,53.041213,STAY-2,CCGT
155,10058,T_STAY-3,Staythorpe,-0.98877,53.041213,STAY-3,CCGT
156,10058,T_STAY-4,Staythorpe,-0.98877,53.041213,STAY-4,CCGT
157,10059,T_SUTB-1,Sutton Bridge,0.098877,52.62306,SUTB-1,CCGT
158,10060,T_TESI-1,Teesside,-1.130216,54.573479,TESI-1,OCGT
159,10060,T_TESI-2,Teesside,-1.130216,54.573479,TESI-2,OCGT
160,10061,2__MPGEN001,Thornhill CCGT,-1.655244,53.677086,,
161,10063,E_WINN-1,,-2.534686,53.266177,WINN-1,OTHER
162,10064,E_DERW-1,Derwent,-1.399444,52.905812,DERW-1,CCGT
163,10065,E_FAWN-1,Fawley Cogen,-1.351433,50.830367,FAWN-1,CCGT
164,10066,E_FELL-1,Fellside,-1.351433,50.830367,FELL-1,CCGT
165,10067,T_GRAI-6,Grain,0.703125,51.47454,GRAI-6,CCGT
166,10067,T_GRAI-7,Grain,0.703125,51.47454,GRAI-7,CCGT
167,10067,T_GRAI-8,Grain,0.703125,51.47454,GRAI-8,CCGT
168,10067,T_GRAI-1,Grain,0.703125,51.47454,,
169,10067,T_GRAI-2,Grain,0.703125,51.47454,,
170,10067,T_GRAI-3,Grain,0.703125,51.47454,,
171,10067,T_GRAI-4,Grain,0.703125,51.47454,,
172,10068,T_GRMO-1,Grangemouth CHP Ltd,-3.032227,55.930741,GRMO-1,CCGT
173,10070,T_HUMR-1,Immingham CHP,0.0,53.690201,HUMR-1,CCGT
174,10071,2__DPGEN001,Sandbach CHP,-2.405816,53.165426,,
175,10072,E_SHOT-1,Shotton CHP,-3.03265,53.23375,,
176,10074,2__DPGEN002,Stoke CHP,-2.190333,52.990359,,
177,10078,E_ABERDARE,Aberdare District Energy,-3.44926,51.711177,,
178,10080,E_BRIDGWTR,Bridgewater District Energy,-3.005964,51.127515,,
179,10082,T_FAWL1,Fawley,-1.328881,50.816696,FAWL1,COAL
180,10082,T_FAWL3,Fawley,-1.328881,50.816696,FAWL3,COAL
181,10082,T_FAWL4,Fawley,-1.328881,50.816696,,
182,10082,T_FAWL2G,Fawley,-1.328881,50.816696,FAWL2G,OCGT
183,10082,T_FAWL1G,Fawley,-1.328881,50.816696,FAWL1G,OCGT
184,10082,T_FAWL3G,Fawley,-1.328881,50.816696,FAWL3G,OCGT
185,10082,T_FAWL4G,Fawley,-1.328881,50.816696,FAWL4G,OCGT
186,10083,E_FDUN-1,Fort Dunlop,-1.351433,50.830367,,
187,10087,E_REDGT-1,Redditch,-1.932818,52.300184,REDGT-1,OCGT
188,10088,E_SEVINGTN,Sevington District Energy,0.907475,51.128007,,
189,10089,E_SOLUTIA,Solutia District Energy,-2.9983234,51.5877364,,
190,10091,E_COWE1,Cowes,-1.2864,50.7459,COWE1,OCGT
191,10091,E_COWE2,Cowes,-1.2864,50.7459,COWE2,OCGT
192,10097,T_INDQ-1,Indian Queens,-5.064697,50.373496,INDQ-1,OCGT
193,10101,T_PEHE-1,Peterhead,-1.867676,57.527622,PEHE-1,CCGT
194,10101,T_PEHE-2,Peterhead,-1.867676,57.527622,,
195,10101,T_PEHE-3G,Peterhead,-1.867676,57.527622,,
196,10101,T_PEHE-4G,Peterhead,-1.867676,57.527622,,
197,10104,E_TAYL2G,Taylors Lane,-0.2575,51.546,TAYL2G,OCGT
198,10104,E_TAYL3G,Taylors Lane,-0.2575,51.546,TAYL3G,OCGT
199,10107,M_CAS-BEU01,Beauly Cascade,-4.552586,57.444705,CAS-BEU01,NPSHYD
200,10108,E_CLAC-1,Clachan Power Station,-4.918736,56.277573,CLAC-1,NPSHYD
201,10109,M_CAS-CLU01,Clunie Cascade,-3.778355,56.716948,CAS-CLU01,NPSHYD
202,10110,M_CAS-CON01,Conon Cascade,-4.830066,57.619203,CAS-CON01,NPSHYD
203,10111,E_CWMD-1,Cwm Dyli,-4.011473,53.065902,,
204,10115,T_ERRO-1,Errochty G,-3.790283,56.734649,ERRO-1,NPSHYD
205,10115,T_ERRO-2,Errochty G,-3.790283,56.734649,ERRO-2,NPSHYD
206,10115,T_ERRO-3,Errochty G,-3.790283,56.734649,ERRO-3,NPSHYD
207,10116,T_FASN-1,Fasnakyle G,-4.793703,57.325887,FASN-1,NPSHYD
208,10116,E_FASN-2,Fasnakyle G,-4.793703,57.325887,,
209,10116,T_FASN-2,Fasnakyle G,-4.793703,57.325887,,NPSHYD
210,10116,E_FASN-3,Fasnakyle G,-4.793703,57.325887,,NPSHYD
211,10116,T_FASN-3,Fasnakyle G,-4.793703,57.325887,,
212,10116,E_FASN-4,Fasnakyle G,-4.793703,57.325887,FASN-4,NPSHYD
213,10117,T_FINL-1,Finlarig,-3.614502,56.279961,FINL-1,NPSHYD
214,10118,M_CAS-GAR01,Garry Cascade,-5.289194,57.066143,CAS-GAR01,NPSHYD
215,10119,T_GLNDO-1,Glendoe,-5.174561,57.15412,GLNDO-1,NPSHYD
216,10120,M_CAS-KIL01,Killin Cascade,-4.307751,56.470679,CAS-KIL01,NPSHYD
217,10122,M_CAS-MOR01,Moriston Cascade,-4.962463,57.144936,CAS-MOR01,NPSHYD
218,10123,T_NANT-1,Nant,-5.251465,56.163906,NANT-1,NPSHYD
219,10124,E_RHEI-1,Rheidol,-3.899297,52.396207,,
220,10124,E_RHEI-2,Rheidol,-3.899297,52.396207,,
221,10124,E_RHEI-3,Rheidol,-3.899297,52.396207,,
222,10125,M_SLOY-1,Sloy G,-4.735107,56.200593,SLOY-1,NPSHYD
223,10125,T_SLOY-2,Sloy G,-4.735107,56.200593,SLOY-2,NPSHYD
224,10125,T_SLOY-3,Sloy G,-4.735107,56.200593,SLOY-3,NPSHYD
225,10125,M_SLOY-4,Sloy G,-4.735107,56.200593,SLOY-4,NPSHYD
226,10126,E_MANXENR-1,Manx Power,,,,
227,10128,T_DUNG-1,Dungeness B,0.963889,50.913889,,
228,10128,T_DUNG-2,Dungeness B,0.963889,50.913889,,
229,10128,T_DUNG-3,Dungeness B,0.963889,50.913889,,
230,10128,T_DUNG-4,Dungeness B,0.963889,50.913889,,
231,10128,T_DNGB21,Dungeness B,0.963889,50.913889,DNGB21,NUCLEAR
232,10128,T_DNGB22,Dungeness B,0.963889,50.913889,DNGB22,NUCLEAR
233,10130,T_HRTL-1,Hartlepool,-1.098633,54.686534,HRTL-1,NUCLEAR
234,10130,T_HRTL-2,Hartlepool,-1.098633,54.686534,HRTL-2,NUCLEAR
235,10131,T_HEYM11,Heysham,-2.916111111,54.02888889,HEYM11,NUCLEAR
236,10131,T_HEYM12,Heysham,-2.916111111,54.02888889,HEYM12,NUCLEAR
237,10131,T_HEYM27,Heysham,-2.916111111,54.02888889,HEYM27,NUCLEAR
238,10131,T_HEYM28,Heysham,-2.916111111,54.02888889,HEYM28,NUCLEAR
239,10133,T_HINB-7,Hinkley Point B,-3.317871,51.138001,HINB-7,NUCLEAR
240,10133,T_HINB-8,Hinkley Point B,-3.317871,51.138001,HINB-8,NUCLEAR
241,10134,T_HUNB-7,Hunterston Generator,-4.822998,55.646599,HUNB-7,NUCLEAR
242,10134,T_HUNB-8,Hunterston Generator,-4.822998,55.646599,HUNB-8,NUCLEAR
243,10135,T_OLDS1,Oldbury,-2.570833,51.648889,,
244,10135,T_OLDS2,Oldbury,-2.570833,51.648889,,
245,10136,T_SIZEA1,Sizewell,1.61972,52.215,,
246,10136,T_SIZEA2,Sizewell,1.61972,52.215,,
247,10136,T_SIZB-1,Sizewell,1.61972,52.215,SIZB-1,NUCLEAR
248,10136,T_SIZB-2,Sizewell,1.61972,52.215,SIZB-2,NUCLEAR
249,10138,T_TORN-1,Torness Generator,-2.054443,55.813629,TORN-1,NUCLEAR
250,10138,T_TORN-2,Torness Generator,-2.054443,55.813629,TORN-2,NUCLEAR
251,10139,T_WYLF-1,Wylfa,-4.405518,53.370221,WYLF-1,NUCLEAR
252,10139,T_WYLF-2,Wylfa,-4.405518,53.370221,WYLF-2,NUCLEAR
253,10139,T_WYLF-3,Wylfa,-4.405518,53.370221,WYLF-3,NUCLEAR
254,10139,T_WYLF-4,Wylfa,-4.405518,53.370221,WYLF-4,NUCLEAR
255,10141,T_LITTD1,Littlebrook D,0.241667,51.465278,LITTD1,COAL
256,10141,T_LITTD2,Littlebrook D,0.241667,51.465278,LITTD2,COAL
257,10141,T_LITTD3,Littlebrook D,0.241667,51.465278,LITTD3,COAL
258,10141,T_LITTD1G,Littlebrook D,0.241667,51.465278,,
259,10141,T_LITTD2G,Littlebrook D,0.241667,51.465278,,
260,10141,T_LITTD3G,Littlebrook D,0.241667,51.465278,,
261,10143,T_CRUA-1,Cruachan,-5.218506,56.36525,CRUA-1,PS
262,10143,T_CRUA-2,Cruachan,-5.218506,56.36525,CRUA-2,PS
263,10143,T_CRUA-3,Cruachan,-5.218506,56.36525,CRUA-3,PS
264,10143,T_CRUA-4,Cruachan,-5.218506,56.36525,CRUA-4,PS
265,10144,T_DINO-1,Dinorwig,-3.966064,53.080827,DINO-1,PS
266,10144,T_DINO-2,Dinorwig,-3.966064,53.080827,DINO-2,PS
267,10144,T_DINO-3,Dinorwig,-3.966064,53.080827,DINO-3,PS
268,10144,T_DINO-4,Dinorwig,-3.966064,53.080827,DINO-4,PS
269,10144,T_DINO-5,Dinorwig,-3.966064,53.080827,DINO-5,PS
270,10144,T_DINO-6,Dinorwig,-3.966064,53.080827,DINO-6,PS
271,10145,T_FFES-1,Ffestiniog,-3.977051,53.008173,FFES-1,PS
272,10145,T_FFES-2,Ffestiniog,-3.977051,53.008173,FFES-2,PS
273,10145,T_FFES-3,Ffestiniog,-3.977051,53.008173,FFES-3,PS
274,10145,T_FFES-4,Ffestiniog,-3.977051,53.008173,FFES-4,PS
275,10146,T_FOYE-1,Foyers G,-4.361572,57.237449,FOYE-1,PS
276,10146,T_FOYE-2,Foyers G,-4.361572,57.237449,FOYE-2,PS
277,10147,T_ACHRW-1,AChruach Wind Farm,-5.393722,56.34286,ACHRW-1,WIND
278,10148,T_AKGLW-2,Aikengall 2 Wind Farm Generation,-2.492993,55.923317,AKGLW-2,WIND
279,10148,T_AKGLW-3,Aikengall 2 Wind Farm Generation,-2.492993,55.923317,AKGLW-3,WIND
280,10149,E_AIRSW-1,Airies Windfarm,-4.713441,54.970896,AIRSW-1,WIND
281,10150,E_ASHWW-1,Andershaw Wind Farm,-3.814161,55.51487,ASHWW-1,WIND
282,10151,T_ANSUW-1,An Suidhe Windfarm,-5.449219,56.065903,ANSUW-1,WIND
283,10152,T_ARCHW-1,Arecleoch Windfarm,-4.63623,55.14121,ARCHW-1,WIND
284,10153,E_ASLVW-1,Assel Valley Wind Farm,-4.825652,55.222814,ASLVW-1,WIND
285,10154,E_ABRTW-1,Auchrobert Wind Farm,-3.988675,55.621764,ABRTW-1,WIND
286,10155,E_BABAW-1,Baillie Wind Farm,-4.372559,58.430482,BABAW-1,WIND
287,10156,T_BOWLW-1,Barrow Offshore Windfarm,-3.283333,53.983333,BOWLW-1,WIND
288,10157,E_BTUIW-2,Beinn An Tuirc 2 Windfarm,-5.537109,55.683779,BTUIW-2,WIND
289,10157,E_BTUIW-3,Beinn An Tuirc 2 Windfarm,-5.537109,55.683779,BTUIW-3,WIND
290,10158,T_BEINW-1,Beinneun Wind Farm,-4.789059,57.17555556,BEINW-1,WIND
291,10159,E_BETHW-1,Beinn Tharsuinn,-4.42749,58.077876,BETHW-1,WIND
292,10160,E_BRYBW-1,Berry Burn Windfarm,-3.966064,57.36209,BRYBW-1,WIND
293,10161,T_BHLAW-1,Bhlaraidh Windfarm 1,-4.668919,57.22303,BHLAW-1,WIND
294,10162,T_BLKWW-1,Blackcraig Windfarm,-4.033976,55.117955,BLKWW-1,WIND
295,10163,T_BLLA-1,Black Law Wind Farm,-3.482666,55.590763,BLLA-1,WIND
296,10163,T_BLLA-2,Black Law Wind Farm,-3.482666,55.590763,BLLA-2,WIND
297,10166,E_BRDUW-1,Braes of Doune,-3.361816,56.419978,BRDUW-1,WIND
298,10167,T_WISTW-2,Brockloch Rig 2 Windfarm,-4.141234,55.255156,WISTW-2,WIND
299,10168,E_BRNLW-1,Brownieleys Windfarm,-2.374558,56.844014,,
300,10169,E_BURBO,Burbo Bank Offshore Windfarm,-3.19582,53.487739,,WIND
301,10169,T_BRBEO-1,Burbo Bank Offshore Windfarm,-3.19582,53.487739,BRBEO-1,WIND
302,10171,E_BNWKW-1,Burn of Whilk Windfarm,-3.21433,58.351973,BNWKW-1,WIND
303,10172,2__PSTAT001,Cairn Uish / Rothes Windfarm Extension,-3.063895,57.504968,,WIND
304,10173,2__PPGEN003,Camster Wind Farm,-3.270129,58.406935,,
305,10174,T_CRGHW-1,Carraig Gheal Wind Farm,-4.790039,56.389584,CRGHW-1,WIND
306,10175,E_CLFLW-1,Clachan Flats Windfarm,-4.957855,56.283062,CLFLW-1,WIND
307,10176,E_CLDRW-1,Clashindarroch Wind Farm,-2.922363,57.308724,CLDRW-1,WIND
308,10177,T_CLDCW-1,"Clyde Central Windfarm, Clyde North Windfarm, Clyde South Windfarm",-3.35083,55.310391,CLDCW-1,WIND
309,10177,T_CLDNW-1,"Clyde Central Windfarm, Clyde North Windfarm, Clyde South Windfarm",-3.35083,55.310391,CLDNW-1,WIND
310,10177,T_CLDSW-1,"Clyde Central Windfarm, Clyde North Windfarm, Clyde South Windfarm",-3.35083,55.310391,CLDSW-1,WIND
311,10178,T_CGTHW-1,Corriegarth Wind Farm,-4.359638,57.190085,CGTHW-1,WIND
312,10179,T_CRMLW-1,Corriemoillie Wind Farm,-4.838531,57.694245,CRMLW-1,WIND
313,10180,T_COUWW-1,Cour Wind Farm,-5.484929,55.680679,COUWW-1,WIND
314,10181,T_CRYRW-2,Crystal Rig Wind Farm,-2.39502,55.893796,CRYRW-2,WIND
315,10181,T_CRYRW-3,Crystal Rig Wind Farm,-2.39502,55.893796,CRYRW-3,WIND
316,10183,E_DALSW-1,Dalswinton Wind Farm,-3.662819,55.183662,DALSW-1,WIND
317,10184,T_DRSLW-1,Dersalloch Windfarm,-4.484173,55.311291,DRSLW-1,WIND
318,10185,T_DDGNO-1,Dudgeon Offshore Wind Farm Generator,1.39,53.249,DDGNO-1,WIND
319,10185,T_DDGNO-2,Dudgeon Offshore Wind Farm Generator,1.39,53.249,DDGNO-2,WIND
320,10185,T_DDGNO-3,Dudgeon Offshore Wind Farm Generator,1.39,53.249,DDGNO-3,WIND
321,10185,T_DDGNO-4,Dudgeon Offshore Wind Farm Generator,1.39,53.249,DDGNO-4,WIND
322,10186,T_DNLWW-1,Dun Law Extension Windfarm,-2.296143,55.776573,DNLWW-1,WIND
323,10187,T_DUNGW-1,Dunmglass Wind Farm,-4.255802,57.25148,DUNGW-1,WIND
324,10188,T_EDINW-1,Edinbane Windfarm,-6.229248,57.279043,EDINW-1,WIND
325,10189,T_EWHLW-1,Ewe Hill II Wind Farm,-3.205105,55.228662,EWHLW-1,WIND
326,10190,T_FALGW-1,Fallago Rig Wind Farm,-2.768555,55.936895,FALGW-1,WIND
327,10191,T_FARR-1,Farr Wind Farm,-4.094167,57.325,,WIND
328,10191,T_FARR-2,Farr Wind Farm,-4.094167,57.325,,WIND
329,10192,T_FSDLW-1,Freasdail Wind Farm,-5.479859,55.780803,FSDLW-1,WIND
330,10193,T_GLWSW-1,Galawhistle Wind Farm,-3.921928,55.534273,GLWSW-1,WIND
331,10194,T_GANW-11,Galloper Offshore Windfarm 1,2.035,51.893,,WIND
332,10194,T_GANW-13,Galloper Offshore Windfarm 1,2.035,51.893,,WIND
333,10194,T_GANW-22,Galloper Offshore Windfarm 1,2.035,51.893,,WIND
334,10194,T_GANW-24,Galloper Offshore Windfarm 1,2.035,51.893,,WIND
335,10195,T_GNAPW-1,Glen App Wind Farm,-5.026858,55.021378,GNAPW-1,WIND
336,10196,E_GLCHW-1,Glenchamber Wind Farm,-4.754334,54.96342,GLCHW-1,WIND
337,10197,E_GLOFW-1,Glens of Foudland,-2.878418,57.219608,GLOFW-1,WIND
338,10198,E_GFLDW-1,Goole Fields 1 Windfarm,-0.872421,53.668356,GFLDW-1,WIND
339,10199,T_GORDW-1,Gordonbush Wind Farm,-3.834229,58.066256,GORDW-1,WIND
340,10199,T_GORDW-2,Gordonbush Wind Farm,-3.834229,58.066256,GORDW-2,WIND
341,10200,E_GDSTW-1,Gordonstown Windfarm,-2.484139,57.460944,GDSTW-1,WIND
342,10201,T_GRGBW-1,Greater Gabbard Offshore Windfarm,1.713867,52.066,GRGBW-1,WIND
343,10201,T_GRGBW-2,Greater Gabbard Offshore Windfarm,1.713867,52.066,GRGBW-2,WIND
344,10201,T_GRGBW-3,Greater Gabbard Offshore Windfarm,1.713867,52.066,GRGBW-3,WIND
345,10202,T_GRIFW-1,Griffin Wind Farm,-3.394775,56.529199,GRIFW-1,WIND
346,10202,T_GRIFW-2,Griffin Wind Farm,-3.394775,56.529199,GRIFW-2,WIND
347,10204,E_GNFSW-1,Gunfleet Sands Windfarm,1.174444,51.739444,GNFSW-1,WIND
348,10204,T_GNFSW-1,Gunfleet Sands Windfarm,1.174444,51.739444,GNFSW-1,WIND
349,10204,E_GNFSW-2,Gunfleet Sands Windfarm,1.174444,51.739444,GNFSW-2,WIND
350,10204,T_GNFSW-2,Gunfleet Sands Windfarm,1.174444,51.739444,GNFSW-2,WIND
351,10204,E_GNFSW-3,Gunfleet Sands Windfarm,1.174444,51.739444,,
352,10206,T_GYMRW-1,Gwynt y Mor Offshore Wind Farm,-3.584,53.459,,
353,10206,T_GYMRW-2,Gwynt y Mor Offshore Wind Farm,-3.584,53.459,,
354,10206,T_GYMR-15,Gwynt y Mor Offshore Wind Farm,-3.584,53.459,,WIND
355,10206,T_GYMR-17,Gwynt y Mor Offshore Wind Farm,-3.584,53.459,,WIND
356,10206,T_GYMR-26,Gwynt y Mor Offshore Wind Farm,-3.584,53.459,,WIND
357,10206,T_GYMR-28,Gwynt y Mor Offshore Wind Farm,-3.584,53.459,,WIND
358,10208,T_HADHW-1,Hadyard Hill Wind Farm,-4.702148,55.247815,HADHW-1,WIND
359,10209,E_HBHDW-1,Harburnhead Wind Farm,-3.547456,55.815259,HBHDW-1,WIND
360,10210,E_HRHLW-1,Hare Hill Extension Wind Farm,-4.054104,55.405691,HRHLW-1,WIND
361,10211,T_HRSTW-1,Harestanes Windfarm,-3.636475,55.229023,HRSTW-1,WIND
362,10212,E_HLGLW-1,Hill of Glaschyle Windfarm,-3.615587,57.51052,HLGLW-1,WIND
363,10213,E_HLTWW-1,Hill of Towie Windfarm ,-2.406006,57.486309,HLTWW-1,WIND
364,10214,T_HMGTO-1,Humber Offshore Wind Farm,0.293,53.644,HMGTO-1,WIND
365,10214,T_HMGTO-2,Humber Offshore Wind Farm,0.293,53.644,HMGTO-2,WIND
366,10215,E_HYWDW-1,Hywind Generator 1,-1.35,57.483,HYWDW-1,WIND
367,10216,T_KTHLW-1,Keith Hill Windfarm,-2.825456,55.817272,KTHLW-1,WIND
368,10217,T_KILBW-1,Kilbraur Windfarm,-4.0564,58.0395,KILBW-1,WIND
369,10218,T_KLGLW-1,Kilgallioch Wind Farm,-4.76528,55.05,KLGLW-1,WIND
370,10219,T_LNCSW-1,Lincs Offshore Wind Farm,0.527344,53.265213,,WIND
371,10219,T_LNCSW-2,Lincs Offshore Wind Farm,0.527344,53.265213,,WIND
372,10219,T_LNCSW-3,Lincs Offshore Wind Farm,0.527344,53.265213,,
373,10220,T_LCLTW-1,Lochluichart Windfarm,-4.559326,57.73935,LCLTW-1,Wind
374,10221,T_LARYW-1,London Array Windfarm,1.362305,51.645294,,WIND
375,10221,T_LARYW-2,London Array Windfarm,1.362305,51.645294,,WIND
376,10221,T_LARYW-3,London Array Windfarm,1.362305,51.645294,,WIND
377,10221,T_LARYW-4,London Array Windfarm,1.362305,51.645294,,WIND
378,10222,T_MKHLW-1,Mark Hill Windfarm,-4.822998,55.160043,MKHLW-1,WIND
379,10223,2__PSTAT002,Mid Hill Windfarm,-2.482026,56.964685,,WIND
380,10224,T_MILWW-1,Millennium Wind Farm,-4.866943,57.219608,MILWW-1,WIND
381,10225,T_MYGPW-1,Minnygap Wind Farm,-3.514802,55.248768,MYGPW-1,WIND
382,10226,E_MINSW-1,Minsca Wind Farm,-3.47168,55.040614,MINSW-1,WIND
383,10227,E_MOYE-1,Moy Windfarm,-4.064872,57.390303,,
384,10227,E_MOYEW-1,Moy Windfarm,-4.064872,57.390303,MOYEW-1,WIND
385,10229,E_OMNDW-1,Ormonde Windfarm,-3.4,54.1,,
386,10229,T_OMNDW-1,Ormonde Windfarm,-3.4,54.1,,WIND
387,10229,E_OMNDD-1,Ormonde Windfarm,-3.4,54.1,,
388,10231,2__PPGEN002,Pauls Hill Windfarm,-3.458196,57.451933,,
389,10232,T_PNYCW-1,Pen y Cymoedd Wind Farm,-3.561358,51.710658,PNYCW-1,WIND
390,10233,T_RCBKO-1,Race Bank Offshore Wind Farm,0.841,53.276,RCBKO-1,WIND
391,10233,T_RCBKO-2,Race Bank Offshore Wind Farm,0.841,53.276,RCBKO-2,WIND
392,10234,T_RMPNO-1,Rampion Offshore Windfarm,-0.27,50.67,RMPNO-1,WIND
393,10234,T_RMPNO-2,Rampion Offshore Windfarm,-0.27,50.67,RMPNO-2,WIND
394,10235,T_RREW-1,Robin Rigg,-3.716667,54.75,RREW-1,WIND
395,10235,T_RRWW-1,Robin Rigg,-3.716667,54.75,RRWW-1,WIND
396,10237,2__PPGEN001,Rothes (Cairn Uish) Wind Farm,-3.063895,57.504968,,
397,10238,T_SANQW-1,Sanquhar Community Wind Farm Generation,-4.023363,55.322673,SANQW-1,WIND
398,10239,E_SHRSW-1,Sheringham Shoals Windfarm  1,1.147,53.135,,
399,10239,T_SHRSW-1,Sheringham Shoals Windfarm  1,1.147,53.135,,WIND
400,10239,E_SHRSW-2,Sheringham Shoals Windfarm  1,1.147,53.135,,
401,10239,T_SHRSW-2,Sheringham Shoals Windfarm  1,1.147,53.135,,WIND
402,10240,T_STRNW-1,Strathy North Wind Farm 1,-3.89086,58.385271,STRNW-1,WIND
403,10242,T_THNTO-1,Thanet Offshore Windfarm,1.461182,51.385495,THNTO-1,WIND
404,10242,T_THNTO-2,Thanet Offshore Windfarm,1.461182,51.385495,THNTO-2,WIND
405,10242,E_THNTW-2,Thanet Offshore Windfarm,1.461182,51.385495,,
406,10242,E_THNTW-1,Thanet Offshore Windfarm,1.461182,51.385495,,
407,10243,T_TDBNW-1,Toddleburn Wind Farm,-2.81,55.77,TDBNW-1,WIND
408,10244,E_TULWW-1,Tullo,-2.581787,56.662265,TULWW-1,WIND
409,10244,E_TULWW-2,Tullo,-2.581787,56.662265,TULWW-2,WIND
410,10246,T_WLNYW-1,Walney Offshore Windfarm  1,-3.522,54.044,WLNYW-1,WIND
411,10246,E_WLNYW-2,Walney Offshore Windfarm  1,-3.522,54.044,,
412,10246,T_WLNYO-3,Walney Offshore Windfarm  1,-3.522,54.044,WLNYO-3,WIND
413,10246,T_WLNYO-4,Walney Offshore Windfarm  1,-3.522,54.044,WLNYO-4,WIND
414,10246,T_WLNYO-2,Walney Offshore Windfarm  1,-3.522,54.044,WLNYO-2,WIND
415,10248,T_WTMSO-1,Westermost Rough Windfarm,0.681152,53.943155,WTMSO-1,WIND
416,10248,T_WTMSD-1,Westermost Rough Windfarm,0.681152,53.943155,,
417,10250,T_WDNSO-1,West of Duddon Sands,-3.768311,53.923751,WDNSO-1,WIND
418,10250,T_WDNSO-2,West of Duddon Sands,-3.768311,53.923751,WDNSO-2,WIND
419,10250,T_WDNSW-1,West of Duddon Sands,-3.768311,53.923751,,
420,10250,T_WDNSW-2,West of Duddon Sands,-3.768311,53.923751,,
421,10252,T_WHILW-1,Whitelee Wind Farm,-4.042969,55.702355,WHILW-1,WIND
422,10252,T_WHILW-2,Whitelee Wind Farm,-4.042969,55.702355,WHILW-2,WIND
423,10284,T_STLGW-1,Stronelairg Windfarm,-4.461346,57.099869,STLGW-1,WIND
424,10284,T_STLGW-2,Stronelairg Windfarm,-4.461346,57.099869,STLGW-2,WIND
425,10284,T_STLGW-3,Stronelairg Windfarm,-4.461346,57.099869,STLGW-3,WIND
426,10288,C__PSMAR001,Achlachan,-3.4565,58.4479,,WIND
427,10289,E_CNCLW-1,Coire Na Cloiche,-4.3801,57.7903,CNCLW-1,WIND
428,10290,E_KINCW-1,Kincardine,-1.8774,56.9835,KINCW-1,WIND
429,10291,E_RSHLW-1,Rosehall,-4.5508,58.0033,RSHLW-1,WIND
430,10292,E_TLYMW-1,Tullymurdoch,-3.2944,56.6717,TLYMW-1,WIND
431,10294,T_ABRBO-1,Aberdeen Bay,-1.9728,57.2226,ABRBO-1,WIND
432,10295,T_AFTOW-1,Afton,-4.1691,55.3128,AFTOW-1,WIND
433,10296,T_BDCHW-1,Bad a Cheo,-3.4209,58.4194,BDCHW-1,WIND
434,10297,T_BEATO-1,Beatrice,-3.07,58.1299,BEATO-1,WIND
435,10297,T_BEATO-2,Beatrice,-3.07,58.1299,BEATO-2,WIND
436,10297,T_BEATO-3,Beatrice,-3.07,58.1299,BEATO-3,WIND
437,10297,T_BEATO-4,Beatrice,-3.07,58.1299,BEATO-4,WIND
438,10298,T_CRDEW-1,Crossdykes,-3.1698,55.1763,CRDEW-1,WIND
439,10298,T_CRDEW-2,Crossdykes,-3.1698,55.1763,CRDEW-2,WIND
440,10299,T_DOREW-1,Dorenell,-3.1238,57.3479,DOREW-1,WIND
441,10299,T_DOREW-2,Dorenell,-3.1238,57.3479,DOREW-2,WIND
442,10300,T_EAAO-1,East Anglia One,2.499,52.233,EAAO-1,WIND
443,10300,T_EAAO-2,East Anglia One,2.499,52.233,EAAO-2,WIND
444,10301,T_HOWAO-1,Hornsea,1.791,53.8849,HOWAO-1,WIND
445,10301,T_HOWAO-2,Hornsea,1.791,53.8849,HOWAO-2,WIND
446,10301,T_HOWAO-3,Hornsea,1.791,53.8849,HOWAO-3,WIND
447,10302,T_KPMRW-1,Kype Muir,-4.1062,55.6073,KPMRW-1,WIND
448,10303,T_MIDMW-1,Middle Muir,-3.8093,55.51,MIDMW-1,WIND
449,10304,T_MOWEO-1,Moray East,-2.72,58.188,MOWEO-1,WIND
450,10304,T_MOWEO-2,Moray East,-2.72,58.188,MOWEO-2,WIND
451,10304,T_MOWEO-3,Moray East,-2.72,58.188,MOWEO-3,WIND
452,10305,T_PGBIW-1,Pogbie,-2.8533,55.8344,PGBIW-1,WIND
453,10306,T_TKNEW-1,Triton Knoll,0.839,53.478,TKNEW-1,WIND
454,10306,T_TKNWW-1,Triton Knoll,0.839,53.478,TKNWW-1,WIND
455,10307,T_TRLGW-1,Tralorg,-4.8074,55.2337,TRLGW-1,WIND
456,10308,T_TWSHW-1,Twenty Shillings,-3.9156,55.3154,TWSHW-1,WIND
457,10309,T_WDRGW-1,Windy Rig,-4.1761,55.2718,WDRGW-1,WIND
458,10310,T_WHIHW-1,Whiteside Hill,-4.0178,55.3239,WHIHW-1,WIND
459,10311,T_WTGRW-1,Wathegar,-3.2296,58.4395,WTGRW-1,WIND
